Reference Area,Time Period,Observation Value
Afghanistan,2013,12003
Afghanistan,2012,9686
Afghanistan,2011,9429
Afghanistan,2010,7865
Afghanistan,2009,5545
Afghanistan,2008,4484
Afghanistan,2007,3849
Afghanistan,2006,3308
Afghanistan,2005,3466
Afghanistan,2004,3175
Afghanistan,2003,3100
Afghanistan,2002,3086
Afghanistan,2001,2887
Afghanistan,2000,2930
Afghanistan,1999,2902
Afghanistan,1998,2934
Albania,2013,24147
Albania,2012,24470
Albania,2011,25463
Albania,2010,23813
Albania,2009,22733
Albania,2008,20995
Albania,2007,19930
Albania,2006,17465
Albania,2005,15240
Albania,2004,13645
Albania,2003,11475
Albania,2002,8608
Albania,2001,7386
Albania,2000,5827
Albania,1999,4685
Albania,1998,4596
Algeria,2013,20695
Algeria,2012,24701
Algeria,2011,23962
Algeria,2010,22850
Algeria,2009,22525
Algeria,2008,21987
Algeria,2007,23067
Algeria,2006,25013
Algeria,2005,24769
Algeria,2004,24666
Algeria,2003,21285
Algeria,2002,17233
Algeria,2001,15469
Algeria,2000,16417
Algeria,1999,17512
Algeria,1998,17459
Andorra,2013,1177
Andorra,2012,1313
Andorra,2011,1377
Andorra,2010,1249
Andorra,2009,1314
Andorra,2008,1200
Andorra,2007,991
Andorra,2006,305
Andorra,2005,1085
Andorra,2004,1224
Andorra,2003,897
Andorra,2002,714
Andorra,2001,624
Andorra,2000,652
Andorra,1999,665
Andorra,1998,640
Angola,2013,6946
Angola,2012,7206
Angola,2011,8044
Angola,2010,7916
Angola,2009,7923
Angola,2008,6716
Angola,2007,9428
Angola,2006,8268
Angola,2005,8020
Angola,2004,7026
Angola,2003,6838
Angola,2002,6053
Angola,2001,5900
Angola,2000,5359
Angola,1999,5343
Angola,1998,5193
Anguilla,2013,354
Anguilla,2012,99
Anguilla,2011,106
Anguilla,2010,129
Anguilla,2009,143
Anguilla,2008,151
Anguilla,2007,21
Anguilla,2006,25
Anguilla,2005,100
Anguilla,2004,94
Anguilla,2003,59
Anguilla,2002,41
Anguilla,2001,14
Anguilla,2000,14
Anguilla,1999,14
Antigua and Barbuda,2013,574
Antigua and Barbuda,2012,556
Antigua and Barbuda,2011,627
Antigua and Barbuda,2010,662
Antigua and Barbuda,2009,673
Antigua and Barbuda,2008,633
Antigua and Barbuda,2007,633
Antigua and Barbuda,2006,530
Antigua and Barbuda,2005,605
Antigua and Barbuda,2004,579
Antigua and Barbuda,2003,547
Antigua and Barbuda,2002,566
Antigua and Barbuda,2001,511
Antigua and Barbuda,2000,529
Antigua and Barbuda,1999,442
Antigua and Barbuda,1998,410
Argentina,2013,7166
Argentina,2012,8072
Argentina,2011,9320
Argentina,2010,9753
Argentina,2009,9034
Argentina,2008,9304
Argentina,2007,8345
Argentina,2006,8327
Argentina,2005,8277
Argentina,2004,8316
Argentina,2003,9495
Argentina,2002,7958
Argentina,2001,6875
Argentina,2000,6887
Argentina,1999,5862
Argentina,1998,5717
Armenia,2013,6493
Armenia,2012,6719
Armenia,2011,6906
Armenia,2010,6267
Armenia,2009,5417
Armenia,2008,5298
Armenia,2007,3914
Armenia,2006,3751
Armenia,2005,3428
Armenia,2004,2880
Armenia,2003,3151
Armenia,2002,2331
Armenia,2001,2419
Armenia,2000,1990
Armenia,1999,1826
Armenia,1998,1823
Aruba,2013,127
Aruba,2012,106
Aruba,2011,128
Aruba,2010,398
Aruba,2009,200
Aruba,2008,86
Aruba,2007,143
Aruba,2006,141
Aruba,2005,111
Aruba,2004,202
Aruba,2003,95
Aruba,2002,278
Aruba,2001,109
Aruba,2000,125
Aruba,1999,81
Aruba,1998,125
Australia,2013,11650
Australia,2012,11084
Australia,2011,10807
Australia,2010,10629
Australia,2009,10243
Australia,2008,9814
Australia,2007,10285
Australia,2006,9787
Australia,2005,9477
Australia,2004,8966
Australia,2003,6377
Australia,2002,5844
Australia,2001,5371
Australia,2000,5475
Australia,1999,5257
Australia,1998,5051
Austria,2013,15632
Austria,2012,15221
Austria,2011,13876
Austria,2010,12815
Austria,2009,11581
Austria,2008,10232
Austria,2007,10478
Austria,2006,9938
Austria,2005,11576
Austria,2004,12166
Austria,2003,12998
Austria,2002,12596
Austria,2001,11968
Austria,2000,11862
Austria,1999,11742
Austria,1998,11573
Azerbaijan,2013,22007
Azerbaijan,2012,16797
Azerbaijan,2011,19018
Azerbaijan,2010,14296
Azerbaijan,2009,10061
Azerbaijan,2008,7246
Azerbaijan,2007,4832
Azerbaijan,2006,4564
Azerbaijan,2005,4115
Azerbaijan,2004,3883
Azerbaijan,2003,5761
Azerbaijan,2002,5990
Azerbaijan,2001,3806
Azerbaijan,2000,4629
Azerbaijan,1999,4652
Azerbaijan,1998,4607
Bahamas,2013,2395
Bahamas,2012,2533
Bahamas,2011,2524
Bahamas,2010,2730
Bahamas,2009,2661
Bahamas,2008,2451
Bahamas,2007,2612
Bahamas,2006,2494
Bahamas,2005,2601
Bahamas,2004,2915
Bahamas,2003,2858
Bahamas,2002,2776
Bahamas,2001,2431
Bahamas,2000,2300
Bahamas,1999,2339
Bahamas,1998,2249
Bahrain,2013,4481
Bahrain,2012,4106
Bahrain,2011,3975
Bahrain,2010,4118
Bahrain,2009,3947
Bahrain,2008,3872
Bahrain,2007,3589
Bahrain,2006,3433
Bahrain,2005,3336
Bahrain,2004,2863
Bahrain,2003,2522
Bahrain,2002,2425
Bahrain,2001,2177
Bahrain,2000,2018
Bahrain,1999,1904
Bahrain,1998,1860
Bangladesh,2013,24112
Bangladesh,2012,22690
Bangladesh,2011,22609
Bangladesh,2010,21739
Bangladesh,2009,19346
Bangladesh,2008,16609
Bangladesh,2007,15757
Bangladesh,2006,14524
Bangladesh,2005,14420
Bangladesh,2004,14487
Bangladesh,2003,15380
Bangladesh,2002,11575
Bangladesh,2001,9416
Bangladesh,2000,7908
Bangladesh,1999,7169
Bangladesh,1998,6796
Barbados,2013,1204
Barbados,2012,1179
Barbados,2011,1235
Barbados,2010,1286
Barbados,2009,1395
Barbados,2008,1379
Barbados,2007,1524
Barbados,2006,1625
Barbados,2005,1663
Barbados,2004,1590
Barbados,2003,1583
Barbados,2002,1517
Barbados,2001,1383
Barbados,2000,1433
Barbados,1999,1261
Barbados,1998,1152
Belarus,2013,35898
Belarus,2012,41629
Belarus,2011,40430
Belarus,2010,34843
Belarus,2009,28541
Belarus,2008,29772
Belarus,2007,14835
Belarus,2006,12324
Belarus,2005,11313
Belarus,2004,10590
Belarus,2003,7593
Belarus,2002,8364
Belarus,2001,6488
Belarus,2000,6686
Belarus,1999,6221
Belarus,1998,6096
Belgium,2013,16336
Belgium,2012,13257
Belgium,2011,12247
Belgium,2010,11236
Belgium,2009,10414
Belgium,2008,9834
Belgium,2007,10584
Belgium,2006,10441
Belgium,2005,9963
Belgium,2004,10086
Belgium,2003,11885
Belgium,2002,10882
Belgium,2001,10557
Belgium,2000,10107
Belgium,1999,9683
Belgium,1998,9357
Belize,2013,755
Belize,2012,783
Belize,2011,841
Belize,2010,867
Belize,2009,886
Belize,2008,871
Belize,2007,756
Belize,2006,792
Belize,2005,800
Belize,2004,841
Belize,2003,769
Belize,2002,699
Belize,2001,695
Belize,2000,682
Belize,1999,556
Belize,1998,551
Benin,2013,4095
Benin,2012,3967
Benin,2011,4122
Benin,2010,4109
Benin,2009,3984
Benin,2008,4250
Benin,2007,4201
Benin,2006,4366
Benin,2005,4002
Benin,2004,3815
Benin,2003,3675
Benin,2002,3001
Benin,2001,2685
Benin,2000,2540
Benin,1999,2376
Benin,1998,2359
Bermuda,2013,1592
Bermuda,2012,1433
Bermuda,2011,1221
Bermuda,2010,1192
Bermuda,2009,1153
Bermuda,2008,1211
Bermuda,2007,1270
Bermuda,2006,1084
Bermuda,2005,1197
Bermuda,2004,1301
Bermuda,2003,1375
Bermuda,2002,1139
Bermuda,2001,1130
Bermuda,2000,1081
Bermuda,1999,1027
Bermuda,1998,930
Bhutan,2013,3457
Bhutan,2012,3364
Bhutan,2011,2260
Bhutan,2010,2097
Bhutan,2009,1806
Bhutan,2008,1461
Bhutan,2007,1253
Bhutan,2006,1069
Bhutan,2005,974
Bhutan,2004,726
Bhutan,2003,735
Bhutan,2002,818
Bhutan,2001,624
Bhutan,2000,896
Bhutan,1999,843
Bhutan,1998,858
Bolivia,2013,9140
Bolivia,2012,9214
Bolivia,2011,9857
Bolivia,2010,10485
Bolivia,2009,10125
Bolivia,2008,10193
Bolivia,2007,9052
Bolivia,2006,4421
Bolivia,2005,3751
Bolivia,2004,3321
Bolivia,2003,3564
Bolivia,2002,3182
Bolivia,2001,2798
Bolivia,2000,2555
Bolivia,1999,2355
Bolivia,1998,2353
Bosnia and Herzegovina,2013,10864
Bosnia and Herzegovina,2012,11492
Bosnia and Herzegovina,2011,11922
Bosnia and Herzegovina,2010,12512
Bosnia and Herzegovina,2009,12784
Bosnia and Herzegovina,2008,15318
Bosnia and Herzegovina,2007,14807
Bosnia and Herzegovina,2006,14632
Bosnia and Herzegovina,2005,16517
Bosnia and Herzegovina,2004,15708
Bosnia and Herzegovina,2003,15919
Bosnia and Herzegovina,2002,13519
Bosnia and Herzegovina,2001,15205
Bosnia and Herzegovina,2000,14011
Bosnia and Herzegovina,1999,12341
Bosnia and Herzegovina,1998,12190
Botswana,2013,4394
Botswana,2012,4372
Botswana,2011,6716
Botswana,2010,8069
Botswana,2009,8971
Botswana,2008,7469
Botswana,2007,7246
Botswana,2006,8094
Botswana,2005,9390
Botswana,2004,10424
Botswana,2003,9632
Botswana,2002,8987
Botswana,2001,7312
Botswana,2000,3582
Botswana,1999,2764
Botswana,1998,2385
Brazil,2013,32051
Brazil,2012,30235
Brazil,2011,29218
Brazil,2010,27753
Brazil,2009,26238
Brazil,2008,23003
Brazil,2007,21533
Brazil,2006,19880
Brazil,2005,19424
Brazil,2004,19285
Brazil,2003,20087
Brazil,2002,19534
Brazil,2001,17464
Brazil,2000,17274
Brazil,1999,16268
Brazil,1998,15996
British Virgin Islands,2013,358
British Virgin Islands,2012,374
British Virgin Islands,2011,454
British Virgin Islands,2010,358
British Virgin Islands,2009,369
British Virgin Islands,2008,303
British Virgin Islands,2007,325
British Virgin Islands,2006,351
British Virgin Islands,2005,373
British Virgin Islands,2004,230
British Virgin Islands,2003,234
British Virgin Islands,2002,331
British Virgin Islands,2001,135
British Virgin Islands,2000,121
British Virgin Islands,1999,134
British Virgin Islands,1998,113
Brunei Darussalam,2013,3365
Brunei Darussalam,2012,3550
Brunei Darussalam,2011,3425
Brunei Darussalam,2010,3325
Brunei Darussalam,2009,3128
Brunei Darussalam,2008,2907
Brunei Darussalam,2007,2556
Brunei Darussalam,2006,2159
Brunei Darussalam,2005,2471
Brunei Darussalam,2004,1951
Brunei Darussalam,2003,1936
Brunei Darussalam,2002,2006
Brunei Darussalam,2001,2024
Brunei Darussalam,2000,2179
Brunei Darussalam,1999,2226
Brunei Darussalam,1998,2092
Bulgaria,2013,24625
Bulgaria,2012,25166
Bulgaria,2011,24291
Bulgaria,2010,24150
Bulgaria,2009,23638
Bulgaria,2008,23257
Bulgaria,2007,24591
Bulgaria,2006,25488
Bulgaria,2005,25676
Bulgaria,2004,24683
Bulgaria,2003,22256
Bulgaria,2002,18429
Bulgaria,2001,14458
Bulgaria,2000,11754
Bulgaria,1999,10077
Bulgaria,1998,9941
Burkina Faso,2013,3650
Burkina Faso,2012,3480
Burkina Faso,2011,3394
Burkina Faso,2010,3290
Burkina Faso,2009,2882
Burkina Faso,2008,2926
Burkina Faso,2007,2789
Burkina Faso,2006,2694
Burkina Faso,2005,2299
Burkina Faso,2004,2002
Burkina Faso,2003,1936
Burkina Faso,2002,1653
Burkina Faso,2001,1405
Burkina Faso,2000,1299
Burkina Faso,1999,1299
Burkina Faso,1998,1276
Burundi,2013,2017
Burundi,2012,1902
Burundi,2011,1882
Burundi,2010,1607
Burundi,2009,1552
Burundi,2008,1436
Burundi,2007,1225
Burundi,2006,1084
Burundi,2005,936
Burundi,2004,938
Burundi,2003,1005
Burundi,2002,984
Burundi,2001,949
Burundi,2000,880
Burundi,1999,868
Burundi,1998,866
Cambodia,2013,4221
Cambodia,2012,4180
Cambodia,2011,4253
Cambodia,2010,4172
Cambodia,2009,3841
Cambodia,2008,3113
Cambodia,2007,2918
Cambodia,2006,2633
Cambodia,2005,2480
Cambodia,2004,2457
Cambodia,2003,2369
Cambodia,2002,1943
Cambodia,2001,1767
Cambodia,2000,1665
Cambodia,1999,1418
Cambodia,1998,1391
Cameroon,2013,19491
Cameroon,2012,22173
Cameroon,2011,23006
Cameroon,2010,20916
Cameroon,2009,19695
Cameroon,2008,18854
Cameroon,2007,17476
Cameroon,2006,16569
Cameroon,2005,15867
Cameroon,2004,14779
Cameroon,2003,14444
Cameroon,2002,12287
Cameroon,2001,11405
Cameroon,2000,10716
Cameroon,1999,9742
Cameroon,1998,9686
Canada,2013,45813
Canada,2012,45502
Canada,2011,45983
Canada,2010,46140
Canada,2009,46841
Canada,2008,45588
Canada,2007,45148
Canada,2006,44542
Canada,2005,43361
Canada,2004,40054
Canada,2003,39283
Canada,2002,37631
Canada,2001,31868
Canada,2000,30864
Canada,1999,30353
Canada,1998,29698
Cape Verde,2013,4631
Cape Verde,2012,3116
Cape Verde,2011,3079
Cape Verde,2010,3227
Cape Verde,2009,3309
Cape Verde,2008,3421
Cape Verde,2007,5399
Cape Verde,2006,4903
Cape Verde,2005,4460
Cape Verde,2004,3978
Cape Verde,2003,3573
Cape Verde,2002,2963
Cape Verde,2001,2467
Cape Verde,2000,2072
Cape Verde,1999,2066
Cape Verde,1998,2062
Cayman Islands,2013,409
Cayman Islands,2012,373
Cayman Islands,2011,321
Cayman Islands,2010,318
Cayman Islands,2009,343
Cayman Islands,2008,356
Cayman Islands,2007,388
Cayman Islands,2006,359
Cayman Islands,2005,312
Cayman Islands,2004,319
Cayman Islands,2003,149
Cayman Islands,2002,87
Cayman Islands,2001,20
Cayman Islands,2000,17
Cayman Islands,1999,17
Central African Republic,2013,942
Central African Republic,2012,1024
Central African Republic,2011,1022
Central African Republic,2010,1142
Central African Republic,2009,857
Central African Republic,2008,958
Central African Republic,2007,951
Central African Republic,2006,932
Central African Republic,2005,883
Central African Republic,2004,964
Central African Republic,2003,1664
Central African Republic,2002,1854
Central African Republic,2001,1453
Central African Republic,2000,1088
Central African Republic,1999,559
Central African Republic,1998,556
Chad,2013,3998
Chad,2012,3839
Chad,2011,3886
Chad,2010,3585
Chad,2009,3487
Chad,2008,3322
Chad,2007,2986
Chad,2006,2903
Chad,2005,2740
Chad,2004,2666
Chad,2003,2674
Chad,2002,2639
Chad,2001,2416
Chad,2000,2407
Chad,1999,2370
Chad,1998,2391
Chile,2013,8937
Chile,2012,8924
Chile,2011,9860
Chile,2010,9127
Chile,2009,8242
Chile,2008,7120
Chile,2007,6177
Chile,2006,6313
Chile,2005,7673
Chile,2004,5631
Chile,2003,6807
Chile,2002,5883
Chile,2001,5362
Chile,2000,5070
Chile,1999,4696
Chile,1998,4582
China,2013,712157
China,2012,693972
China,2011,650632
China,2010,568578
China,2009,517335
China,2008,459892
China,2007,430355
China,2006,407280
China,2005,403527
China,2004,365916
China,2003,312778
China,2002,224498
China,2001,165648
China,2000,141227
China,1999,123076
China,1998,119863
Colombia,2013,25509
Colombia,2012,25117
Colombia,2011,25635
Colombia,2010,24391
Colombia,2009,22096
Colombia,2008,20106
Colombia,2007,18385
Colombia,2006,17558
Colombia,2005,17741
Colombia,2004,17459
Colombia,2003,18525
Colombia,2002,16784
Colombia,2001,13087
Colombia,2000,12034
Colombia,1999,10113
Colombia,1998,9851
Comoros,2013,4151
Comoros,2012,4293
Comoros,2011,3920
Comoros,2010,3733
Comoros,2009,3090
Comoros,2008,3081
Comoros,2007,3075
Comoros,2006,3121
Comoros,2005,3049
Comoros,2004,2995
Comoros,2003,2436
Comoros,2002,1793
Comoros,2001,2013
Comoros,2000,2319
Comoros,1999,2349
Comoros,1998,2341
Congo,2013,8068
Congo,2012,9188
Congo,2011,9381
Congo,2010,8923
Congo,2009,8406
Congo,2008,8026
Congo,2007,7605
Congo,2006,7362
Congo,2005,6969
Congo,2004,6741
Congo,2003,6665
Congo,2002,6044
Congo,2001,5309
Congo,2000,5286
Congo,1999,5336
Congo,1998,5295
Cook Islands,2013,223
Cook Islands,2012,220
Cook Islands,2011,212
Cook Islands,2010,237
Cook Islands,2009,216
Cook Islands,2008,229
Cook Islands,2007,237
Cook Islands,2006,267
Cook Islands,2005,271
Cook Islands,2004,287
Cook Islands,2003,295
Cook Islands,2002,286
Cook Islands,2001,291
Cook Islands,2000,328
Cook Islands,1999,335
Cook Islands,1998,337
Costa Rica,2013,2123
Costa Rica,2012,2095
Costa Rica,2011,2026
Costa Rica,2010,2197
Costa Rica,2009,2033
Costa Rica,2008,1898
Costa Rica,2007,1896
Costa Rica,2006,1887
Costa Rica,2005,1650
Costa Rica,2004,1625
Costa Rica,2003,1706
Costa Rica,2002,1588
Costa Rica,2001,1364
Costa Rica,2000,1167
Costa Rica,1999,1133
Costa Rica,1998,1136
C̫te d'Ivoire,2013,7036
C̫te d'Ivoire,2012,7723
C̫te d'Ivoire,2011,7486
C̫te d'Ivoire,2010,7180
C̫te d'Ivoire,2009,6778
C̫te d'Ivoire,2008,6694
C̫te d'Ivoire,2007,6519
C̫te d'Ivoire,2006,6507
C̫te d'Ivoire,2005,6302
C̫te d'Ivoire,2004,6240
C̫te d'Ivoire,2003,6512
C̫te d'Ivoire,2002,5552
C̫te d'Ivoire,2001,4918
C̫te d'Ivoire,2000,4590
C̫te d'Ivoire,1999,4169
C̫te d'Ivoire,1998,4186
Croatia,2013,8617
Croatia,2012,9052
Croatia,2011,9950
Croatia,2010,9966
Croatia,2009,9845
Croatia,2008,9479
Croatia,2007,8931
Croatia,2006,8874
Croatia,2005,13405
Croatia,2004,13564
Croatia,2003,13419
Croatia,2002,12943
Croatia,2001,12593
Croatia,2000,12206
Croatia,1999,11396
Croatia,1998,11380
Cuba,2013,1819
Cuba,2012,1975
Cuba,2011,2132
Cuba,2010,2119
Cuba,2009,1755
Cuba,2008,1592
Cuba,2007,1442
Cuba,2006,1380
Cuba,2005,1283
Cuba,2004,1199
Cuba,2003,1737
Cuba,2002,1387
Cuba,2001,1609
Cuba,2000,1678
Cuba,1999,1325
Cuba,1998,1328
Cyprus,2013,26233
Cyprus,2012,26850
Cyprus,2011,26980
Cyprus,2010,27059
Cyprus,2009,25734
Cyprus,2008,24386
Cyprus,2007,23078
Cyprus,2006,19249
Cyprus,2005,21354
Cyprus,2004,19022
Cyprus,2003,17035
Cyprus,2002,14075
Cyprus,2001,16595
Cyprus,2000,16619
Cyprus,1999,13546
Cyprus,1998,17329
Czech Republic,2013,12520
Czech Republic,2012,12088
Czech Republic,2011,11904
Czech Republic,2010,11450
Czech Republic,2009,10543
Czech Republic,2008,9402
Czech Republic,2007,7233
Czech Republic,2006,6935
Czech Republic,2005,6881
Czech Republic,2004,6713
Czech Republic,2003,6890
Czech Republic,2002,6098
Czech Republic,2001,5275
Czech Republic,2000,4551
Czech Republic,1999,4152
Czech Republic,1998,4095
Democratic People's Republic of Korea,2013,1913
Democratic People's Republic of Korea,2012,1169
Democratic People's Republic of Korea,2011,1414
Democratic People's Republic of Korea,2010,2077
Democratic People's Republic of Korea,2009,2238
Democratic People's Republic of Korea,2008,2321
Democratic People's Republic of Korea,2007,2109
Democratic People's Republic of Korea,2006,1302
Democratic People's Republic of Korea,2005,1528
Democratic People's Republic of Korea,2004,1347
Democratic People's Republic of Korea,2003,1112
Democratic People's Republic of Korea,2002,908
Democratic People's Republic of Korea,2001,968
Democratic People's Republic of Korea,2000,1021
Democratic People's Republic of Korea,1999,1264
Democratic People's Republic of Korea,1998,5331
Democratic Republic of the Congo,2013,5800
Democratic Republic of the Congo,2012,6654
Democratic Republic of the Congo,2011,5398
Democratic Republic of the Congo,2010,4436
Democratic Republic of the Congo,2009,4086
Democratic Republic of the Congo,2008,3818
Democratic Republic of the Congo,2007,3278
Democratic Republic of the Congo,2006,3122
Democratic Republic of the Congo,2005,2980
Democratic Republic of the Congo,2004,2806
Democratic Republic of the Congo,2003,4088
Democratic Republic of the Congo,2002,4796
Democratic Republic of the Congo,2001,4331
Democratic Republic of the Congo,2000,4605
Democratic Republic of the Congo,1999,4434
Democratic Republic of the Congo,1998,4325
Denmark,2013,5254
Denmark,2012,5834
Denmark,2011,6064
Denmark,2010,5328
Denmark,2009,5182
Denmark,2008,4966
Denmark,2007,5081
Denmark,2006,5179
Denmark,2005,5416
Denmark,2004,5455
Denmark,2003,6757
Denmark,2002,6651
Denmark,2001,6327
Denmark,2000,6583
Denmark,1999,6423
Denmark,1998,6162
Djibouti,2013,1846
Djibouti,2012,1781
Djibouti,2011,1849
Djibouti,2010,1793
Djibouti,2009,1758
Djibouti,2008,1502
Djibouti,2007,1542
Djibouti,2006,2480
Djibouti,2005,2134
Djibouti,2004,1868
Djibouti,2003,1732
Djibouti,2002,1580
Djibouti,2001,1375
Djibouti,2000,1233
Djibouti,1999,1174
Djibouti,1998,1167
Dominica,2013,720
Dominica,2012,769
Dominica,2011,744
Dominica,2010,795
Dominica,2009,785
Dominica,2008,676
Dominica,2007,723
Dominica,2006,829
Dominica,2005,808
Dominica,2004,676
Dominica,2003,760
Dominica,2002,740
Dominica,2001,717
Dominica,2000,727
Dominica,1999,518
Dominica,1998,482
Dominican Republic,2013,4360
Dominican Republic,2012,3458
Dominican Republic,2011,3523
Dominican Republic,2010,3388
Dominican Republic,2009,2946
Dominican Republic,2008,2383
Dominican Republic,2007,2109
Dominican Republic,2006,1944
Dominican Republic,2005,1811
Dominican Republic,2004,1804
Dominican Republic,2003,2032
Dominican Republic,2002,1691
Dominican Republic,2001,1426
Dominican Republic,2000,1201
Dominican Republic,1999,1044
Dominican Republic,1998,1029
Ecuador,2013,11109
Ecuador,2012,10917
Ecuador,2011,10690
Ecuador,2010,10214
Ecuador,2009,9466
Ecuador,2008,8756
Ecuador,2007,7287
Ecuador,2006,5571
Ecuador,2005,5348
Ecuador,2004,4946
Ecuador,2003,5334
Ecuador,2002,4536
Ecuador,2001,3514
Ecuador,2000,3252
Ecuador,1999,2972
Ecuador,1998,2944
Egypt,2013,19744
Egypt,2012,16266
Egypt,2011,14738
Egypt,2010,14325
Egypt,2009,12688
Egypt,2008,12125
Egypt,2007,10861
Egypt,2006,9978
Egypt,2005,9619
Egypt,2004,9578
Egypt,2003,9686
Egypt,2002,9807
Egypt,2001,9705
Egypt,2000,8799
Egypt,1999,8629
Egypt,1998,8394
El Salvador,2013,3069
El Salvador,2012,3040
El Salvador,2011,2314
El Salvador,2010,3165
El Salvador,2009,3019
El Salvador,2008,2715
El Salvador,2007,2698
El Salvador,2006,2315
El Salvador,2005,2201
El Salvador,2004,2116
El Salvador,2003,2486
El Salvador,2002,2146
El Salvador,2001,1807
El Salvador,2000,1694
El Salvador,1999,1148
El Salvador,1998,1161
Equatorial Guinea,2013,1015
Equatorial Guinea,2012,1355
Equatorial Guinea,2011,1342
Equatorial Guinea,2010,1334
Equatorial Guinea,2009,2040
Equatorial Guinea,2008,1177
Equatorial Guinea,2007,909
Equatorial Guinea,2006,859
Equatorial Guinea,2005,839
Equatorial Guinea,2004,870
Equatorial Guinea,2003,761
Equatorial Guinea,2002,678
Equatorial Guinea,2001,840
Equatorial Guinea,2000,1007
Equatorial Guinea,1999,776
Equatorial Guinea,1998,775
Eritrea,2013,1563
Eritrea,2012,1261
Eritrea,2011,1288
Eritrea,2010,1035
Eritrea,2009,844
Eritrea,2008,920
Eritrea,2007,882
Eritrea,2006,852
Eritrea,2005,883
Eritrea,2004,817
Eritrea,2003,902
Eritrea,2002,998
Eritrea,2001,844
Eritrea,2000,732
Eritrea,1999,623
Eritrea,1998,601
Estonia,2013,4172
Estonia,2012,4524
Estonia,2011,4305
Estonia,2010,4015
Estonia,2009,3783
Estonia,2008,3525
Estonia,2007,3268
Estonia,2006,3419
Estonia,2005,3597
Estonia,2004,3498
Estonia,2003,4103
Estonia,2002,3590
Estonia,2001,3981
Estonia,2000,3430
Estonia,1999,3188
Estonia,1998,3145
Ethiopia,2013,5622
Ethiopia,2012,5700
Ethiopia,2011,6777
Ethiopia,2010,5408
Ethiopia,2009,5113
Ethiopia,2008,4210
Ethiopia,2007,3895
Ethiopia,2006,3583
Ethiopia,2005,3552
Ethiopia,2004,3434
Ethiopia,2003,3427
Ethiopia,2002,3323
Ethiopia,2001,3290
Ethiopia,2000,3588
Ethiopia,1999,3517
Ethiopia,1998,3451
Fiji,2013,1248
Fiji,2012,1319
Fiji,2011,1485
Fiji,2010,1647
Fiji,2009,1849
Fiji,2008,1732
Fiji,2007,1705
Fiji,2006,1712
Fiji,2005,1714
Fiji,2004,1641
Fiji,2003,1833
Fiji,2002,1915
Fiji,2001,1709
Fiji,2000,1463
Fiji,1999,1411
Fiji,1998,1405
Finland,2013,8261
Finland,2012,8143
Finland,2011,7667
Finland,2010,7380
Finland,2009,7071
Finland,2008,6487
Finland,2007,6046
Finland,2006,6084
Finland,2005,5856
Finland,2004,6064
Finland,2003,10461
Finland,2002,10297
Finland,2001,10009
Finland,2000,10236
Finland,1999,9924
Finland,1998,9474
France,2013,84059
France,2012,63713
France,2011,60135
France,2010,57174
France,2009,52946
France,2008,46076
France,2007,54611
France,2006,53352
France,2005,49154
France,2004,46573
France,2003,57356
France,2002,55844
France,2001,52618
France,2000,50465
France,1999,48316
France,1998,46748
Gabon,2013,5946
Gabon,2012,6566
Gabon,2011,6940
Gabon,2010,6521
Gabon,2009,5870
Gabon,2008,5596
Gabon,2007,5120
Gabon,2006,4838
Gabon,2005,4429
Gabon,2004,4184
Gabon,2003,4232
Gabon,2002,3650
Gabon,2001,3221
Gabon,2000,3063
Gabon,1999,2870
Gabon,1998,2796
Gambia,2013,1297
Gambia,2012,1230
Gambia,2011,1297
Gambia,2010,1029
Gambia,2009,1252
Gambia,2008,1079
Gambia,2007,1126
Gambia,2006,1143
Gambia,2005,1095
Gambia,2004,1106
Gambia,2003,1019
Gambia,2002,890
Gambia,2001,899
Gambia,2000,760
Gambia,1999,817
Gambia,1998,922
Georgia,2013,9905
Georgia,2012,9966
Georgia,2011,8452
Georgia,2010,8736
Georgia,2009,8837
Georgia,2008,8329
Georgia,2007,8236
Georgia,2006,7556
Georgia,2005,7374
Georgia,2004,6781
Georgia,2003,6069
Georgia,2002,5270
Georgia,2001,4654
Georgia,2000,4367
Georgia,1999,3902
Georgia,1998,3857
Germany,2013,119123
Germany,2012,117691
Germany,2011,113795
Germany,2010,104853
Germany,2009,92753
Germany,2008,83023
Germany,2007,78222
Germany,2006,70750
Germany,2005,64213
Germany,2004,57564
Germany,2003,63771
Germany,2002,58285
Germany,2001,56789
Germany,2000,54673
Germany,1999,53333
Germany,1998,52063
Ghana,2013,8850
Ghana,2012,8799
Ghana,2011,8871
Ghana,2010,8093
Ghana,2009,7811
Ghana,2008,7741
Ghana,2007,7697
Ghana,2006,7968
Ghana,2005,8355
Ghana,2004,8146
Ghana,2003,7036
Ghana,2002,5951
Ghana,2001,4925
Ghana,2000,4654
Ghana,1999,4219
Ghana,1998,4084
Gibraltar,2013,778
Gibraltar,2012,728
Gibraltar,2011,675
Gibraltar,2010,668
Gibraltar,2009,640
Gibraltar,2008,648
Gibraltar,2007,651
Gibraltar,2006,645
Gibraltar,2005,633
Gibraltar,2004,698
Gibraltar,2003,5
Gibraltar,2002,2
Gibraltar,2001,0
Gibraltar,2000,0
Gibraltar,1999,0
Greece,2013,34029
Greece,2012,34140
Greece,2011,29382
Greece,2010,29226
Greece,2009,28864
Greece,2008,28590
Greece,2007,31985
Greece,2006,34452
Greece,2005,41687
Greece,2004,47352
Greece,2003,50531
Greece,2002,55162
Greece,2001,61730
Greece,2000,63676
Greece,1999,66951
Greece,1998,62059
Grenada,2013,533
Grenada,2012,565
Grenada,2011,526
Grenada,2010,567
Grenada,2009,616
Grenada,2008,525
Grenada,2007,567
Grenada,2006,642
Grenada,2005,470
Grenada,2004,479
Grenada,2003,537
Grenada,2002,414
Grenada,2001,450
Grenada,2000,461
Grenada,1999,329
Grenada,1998,330
Guatemala,2013,2820
Guatemala,2012,2778
Guatemala,2011,2381
Guatemala,2010,2883
Guatemala,2009,2782
Guatemala,2008,2906
Guatemala,2007,2749
Guatemala,2006,2459
Guatemala,2005,2443
Guatemala,2004,2380
Guatemala,2003,2363
Guatemala,2002,2234
Guatemala,2001,1927
Guatemala,2000,1447
Guatemala,1999,1361
Guatemala,1998,1364
Guinea,2013,5656
Guinea,2012,6080
Guinea,2011,6227
Guinea,2010,5712
Guinea,2009,4621
Guinea,2008,4532
Guinea,2007,4209
Guinea,2006,3848
Guinea,2005,3135
Guinea,2004,2812
Guinea,2003,3000
Guinea,2002,2326
Guinea,2001,2202
Guinea,2000,1977
Guinea,1999,1785
Guinea,1998,1844
Guinea-Bissau,2013,1491
Guinea-Bissau,2012,1485
Guinea-Bissau,2011,1550
Guinea-Bissau,2010,1515
Guinea-Bissau,2009,1336
Guinea-Bissau,2008,1238
Guinea-Bissau,2007,1128
Guinea-Bissau,2006,893
Guinea-Bissau,2005,750
Guinea-Bissau,2004,743
Guinea-Bissau,2003,715
Guinea-Bissau,2002,590
Guinea-Bissau,2001,741
Guinea-Bissau,2000,740
Guinea-Bissau,1999,735
Guinea-Bissau,1998,735
Guyana,2013,1444
Guyana,2012,1530
Guyana,2011,1657
Guyana,2010,831
Guyana,2009,1593
Guyana,2008,1428
Guyana,2007,1433
Guyana,2006,1101
Guyana,2005,1116
Guyana,2004,1091
Guyana,2003,1047
Guyana,2002,667
Guyana,2001,644
Guyana,2000,742
Guyana,1999,664
Guyana,1998,655
Haiti,2013,10125
Haiti,2012,10755
Haiti,2011,11019
Haiti,2010,10618
Haiti,2009,10417
Haiti,2008,11013
Haiti,2007,11356
Haiti,2006,11109
Haiti,2005,10117
Haiti,2004,9872
Haiti,2003,9752
Haiti,2002,9527
Haiti,2001,9190
Haiti,2000,8519
Haiti,1999,8569
Haiti,1998,8536
Holy See,2013,22
Holy See,2012,26
Holy See,2011,21
Holy See,2010,23
Holy See,2009,24
Holy See,2008,20
Holy See,2007,17
Holy See,2006,23
Holy See,2005,22
Holy See,2004,33
Holy See,2003,30
Holy See,2002,18
Holy See,2001,18
Holy See,2000,17
Holy See,1999,17
Holy See,1998,20
Honduras,2013,3343
Honduras,2012,3109
Honduras,2011,2252
Honduras,2010,2955
Honduras,2009,2702
Honduras,2008,2563
Honduras,2007,2577
Honduras,2006,2098
Honduras,2005,2308
Honduras,2004,2065
Honduras,2003,1951
Honduras,2002,1890
Honduras,2001,1684
Honduras,2000,1776
Honduras,1999,1140
Honduras,1998,1136
Hong Kong Special Administrative Region of China,2013,31825
Hong Kong Special Administrative Region of China,2012,30739
Hong Kong Special Administrative Region of China,2011,31286
Hong Kong Special Administrative Region of China,2010,32767
Hong Kong Special Administrative Region of China,2009,33129
Hong Kong Special Administrative Region of China,2008,33616
Hong Kong Special Administrative Region of China,2007,33126
Hong Kong Special Administrative Region of China,2006,31407
Hong Kong Special Administrative Region of China,2005,33892
Hong Kong Special Administrative Region of China,2004,33762
Hong Kong Special Administrative Region of China,2003,34814
Hong Kong Special Administrative Region of China,2002,31510
Hong Kong Special Administrative Region of China,2001,27848
Hong Kong Special Administrative Region of China,2000,25347
Hong Kong Special Administrative Region of China,1999,33625
Hong Kong Special Administrative Region of China,1998,31872
Hungary,2013,8515
Hungary,2012,7848
Hungary,2011,8093
Hungary,2010,8062
Hungary,2009,7495
Hungary,2008,6997
Hungary,2007,7184
Hungary,2006,7103
Hungary,2005,7579
Hungary,2004,7525
Hungary,2003,8248
Hungary,2002,7915
Hungary,2001,7373
Hungary,2000,6958
Hungary,1999,6464
Hungary,1998,6657
Iceland,2013,2834
Iceland,2012,2751
Iceland,2011,2697
Iceland,2010,2797
Iceland,2009,2634
Iceland,2008,2390
Iceland,2007,2489
Iceland,2006,2431
Iceland,2005,2334
Iceland,2004,2237
Iceland,2003,3012
Iceland,2002,2989
Iceland,2001,2469
Iceland,2000,2464
Iceland,1999,2434
Iceland,1998,2400
India,2013,181872
India,2012,188791
India,2011,204246
India,2010,208723
India,2009,203217
India,2008,183646
India,2007,161492
India,2006,145539
India,2005,146033
India,2004,133849
India,2003,118924
India,2002,100288
India,2001,74268
India,2000,62342
India,1999,55436
India,1998,54384
Indonesia,2013,39098
Indonesia,2012,35785
Indonesia,2011,36559
Indonesia,2010,37175
Indonesia,2009,36471
Indonesia,2008,35005
Indonesia,2007,33741
Indonesia,2006,31040
Indonesia,2005,32745
Indonesia,2004,34061
Indonesia,2003,39693
Indonesia,2002,39640
Indonesia,2001,36108
Indonesia,2000,34759
Indonesia,1999,29930
Indonesia,1998,28278
"Iran, Islamic Republic of",2013,50053
"Iran, Islamic Republic of",2012,51071
"Iran, Islamic Republic of",2011,49564
"Iran, Islamic Republic of",2010,44152
"Iran, Islamic Republic of",2009,39153
"Iran, Islamic Republic of",2008,32259
"Iran, Islamic Republic of",2007,28631
"Iran, Islamic Republic of",2006,24009
"Iran, Islamic Republic of",2005,24633
"Iran, Islamic Republic of",2004,23081
"Iran, Islamic Republic of",2003,21741
"Iran, Islamic Republic of",2002,20927
"Iran, Islamic Republic of",2001,20489
"Iran, Islamic Republic of",2000,21701
"Iran, Islamic Republic of",1999,23055
"Iran, Islamic Republic of",1998,23285
Iraq,2013,16039
Iraq,2012,14310
Iraq,2011,13147
Iraq,2010,12583
Iraq,2009,10553
Iraq,2008,9301
Iraq,2007,7983
Iraq,2006,6896
Iraq,2005,5492
Iraq,2004,4299
Iraq,2003,5282
Iraq,2002,5073
Iraq,2001,5080
Iraq,2000,4987
Iraq,1999,4915
Iraq,1998,4952
Ireland,2013,16302
Ireland,2012,18541
Ireland,2011,20546
Ireland,2010,20009
Ireland,2009,18432
Ireland,2008,17991
Ireland,2007,19412
Ireland,2006,19911
Ireland,2005,19182
Ireland,2004,17540
Ireland,2003,15987
Ireland,2002,15380
Ireland,2001,15598
Ireland,2000,17822
Ireland,1999,19411
Ireland,1998,19624
Israel,2013,14732
Israel,2012,14414
Israel,2011,13985
Israel,2010,13630
Israel,2009,13334
Israel,2008,13291
Israel,2007,12354
Israel,2006,12026
Israel,2005,11804
Israel,2004,10680
Israel,2003,12107
Israel,2002,12356
Israel,2001,16028
Israel,2000,14004
Israel,1999,10305
Israel,1998,9991
Italy,2013,47998
Italy,2012,47514
Italy,2011,43799
Italy,2010,40350
Italy,2009,36117
Italy,2008,31764
Italy,2007,31391
Italy,2006,29942
Italy,2005,34391
Italy,2004,35008
Italy,2003,43470
Italy,2002,42162
Italy,2001,42271
Italy,2000,41510
Italy,1999,39657
Italy,1998,38801
Jamaica,2013,4003
Jamaica,2012,4230
Jamaica,2011,4831
Jamaica,2010,5691
Jamaica,2009,5855
Jamaica,2008,6062
Jamaica,2007,6493
Jamaica,2006,6276
Jamaica,2005,6727
Jamaica,2004,7162
Jamaica,2003,6683
Jamaica,2002,5557
Jamaica,2001,5063
Jamaica,2000,5016
Jamaica,1999,4228
Jamaica,1998,3949
Japan,2013,32332
Japan,2012,33416
Japan,2011,35731
Japan,2010,40330
Japan,2009,45399
Japan,2008,50839
Japan,2007,55344
Japan,2006,59154
Japan,2005,64273
Japan,2004,61490
Japan,2003,64975
Japan,2002,63935
Japan,2001,57132
Japan,2000,59302
Japan,1999,58390
Japan,1998,57088
Jordan,2013,19366
Jordan,2012,16677
Jordan,2011,15791
Jordan,2010,15128
Jordan,2009,14681
Jordan,2008,13617
Jordan,2007,13244
Jordan,2006,12822
Jordan,2005,12551
Jordan,2004,12431
Jordan,2003,12547
Jordan,2002,12662
Jordan,2001,12094
Jordan,2000,12080
Jordan,1999,12028
Jordan,1998,11843
Kazakhstan,2013,48875
Kazakhstan,2012,43431
Kazakhstan,2011,43154
Kazakhstan,2010,39484
Kazakhstan,2009,35968
Kazakhstan,2008,46780
Kazakhstan,2007,30475
Kazakhstan,2006,28248
Kazakhstan,2005,29440
Kazakhstan,2004,27710
Kazakhstan,2003,25778
Kazakhstan,2002,27463
Kazakhstan,2001,23391
Kazakhstan,2000,20203
Kazakhstan,1999,20171
Kazakhstan,1998,20020
Kenya,2013,12132
Kenya,2012,12575
Kenya,2011,14227
Kenya,2010,13456
Kenya,2009,13828
Kenya,2008,13607
Kenya,2007,13693
Kenya,2006,13728
Kenya,2005,14025
Kenya,2004,14267
Kenya,2003,14765
Kenya,2002,13314
Kenya,2001,11366
Kenya,2000,10517
Kenya,1999,9676
Kenya,1998,9259
Kiribati,2013,1074
Kiribati,2012,1072
Kiribati,2011,1057
Kiribati,2010,1034
Kiribati,2009,1000
Kiribati,2008,983
Kiribati,2007,977
Kiribati,2006,940
Kiribati,2005,912
Kiribati,2004,926
Kiribati,2003,908
Kiribati,2002,904
Kiribati,2001,909
Kiribati,2000,914
Kiribati,1999,900
Kiribati,1998,888
Kuwait,2013,16799
Kuwait,2012,13746
Kuwait,2011,11025
Kuwait,2010,9997
Kuwait,2009,9569
Kuwait,2008,8482
Kuwait,2007,7027
Kuwait,2006,6447
Kuwait,2005,6381
Kuwait,2004,6639
Kuwait,2003,5510
Kuwait,2002,6248
Kuwait,2001,5488
Kuwait,2000,5540
Kuwait,1999,5197
Kuwait,1998,5171
Kyrgyzstan,2013,5885
Kyrgyzstan,2012,5948
Kyrgyzstan,2011,5707
Kyrgyzstan,2010,5054
Kyrgyzstan,2009,4493
Kyrgyzstan,2008,4256
Kyrgyzstan,2007,4080
Kyrgyzstan,2006,3618
Kyrgyzstan,2005,3035
Kyrgyzstan,2004,3123
Kyrgyzstan,2003,2688
Kyrgyzstan,2002,3310
Kyrgyzstan,2001,3002
Kyrgyzstan,2000,2728
Kyrgyzstan,1999,4839
Kyrgyzstan,1998,4671
Lao People's Democratic Republic,2013,4985
Lao People's Democratic Republic,2012,4344
Lao People's Democratic Republic,2011,4146
Lao People's Democratic Republic,2010,3877
Lao People's Democratic Republic,2009,4276
Lao People's Democratic Republic,2008,3884
Lao People's Democratic Republic,2007,3489
Lao People's Democratic Republic,2006,3008
Lao People's Democratic Republic,2005,2374
Lao People's Democratic Republic,2004,1999
Lao People's Democratic Republic,2003,1568
Lao People's Democratic Republic,2002,1228
Lao People's Democratic Republic,2001,1103
Lao People's Democratic Republic,2000,1278
Lao People's Democratic Republic,1999,1629
Lao People's Democratic Republic,1998,1546
Latvia,2013,6284
Latvia,2012,6343
Latvia,2011,6036
Latvia,2010,5064
Latvia,2009,4250
Latvia,2008,4063
Latvia,2007,3872
Latvia,2006,3521
Latvia,2005,3486
Latvia,2004,3416
Latvia,2003,3643
Latvia,2002,3127
Latvia,2001,3025
Latvia,2000,2612
Latvia,1999,2375
Latvia,1998,2345
Lebanon,2013,12000
Lebanon,2012,12596
Lebanon,2011,13160
Lebanon,2010,13243
Lebanon,2009,14051
Lebanon,2008,14247
Lebanon,2007,13639
Lebanon,2006,13705
Lebanon,2005,13409
Lebanon,2004,13577
Lebanon,2003,13081
Lebanon,2002,11772
Lebanon,2001,9928
Lebanon,2000,8870
Lebanon,1999,8458
Lebanon,1998,8333
Lesotho,2013,2912
Lesotho,2012,2887
Lesotho,2011,4383
Lesotho,2010,4464
Lesotho,2009,4371
Lesotho,2008,4440
Lesotho,2007,4020
Lesotho,2006,3951
Lesotho,2005,4138
Lesotho,2004,4397
Lesotho,2003,4678
Lesotho,2002,3685
Lesotho,2001,2022
Lesotho,2000,1760
Lesotho,1999,1236
Lesotho,1998,940
Liberia,2013,691
Liberia,2012,698
Liberia,2011,695
Liberia,2010,752
Liberia,2009,713
Liberia,2008,802
Liberia,2007,731
Liberia,2006,727
Liberia,2005,716
Liberia,2004,760
Liberia,2003,1017
Liberia,2002,841
Liberia,2001,393
Liberia,2000,736
Liberia,1999,657
Liberia,1998,655
Libyan Arab Jamahiriya,2013,6448
Libyan Arab Jamahiriya,2012,6811
Libyan Arab Jamahiriya,2011,7420
Libyan Arab Jamahiriya,2010,7389
Libyan Arab Jamahiriya,2009,5795
Libyan Arab Jamahiriya,2008,3937
Libyan Arab Jamahiriya,2007,4090
Libyan Arab Jamahiriya,2006,3395
Libyan Arab Jamahiriya,2005,3602
Libyan Arab Jamahiriya,2004,3325
Libyan Arab Jamahiriya,2003,2755
Libyan Arab Jamahiriya,2002,2672
Libyan Arab Jamahiriya,2001,2278
Libyan Arab Jamahiriya,2000,1771
Libyan Arab Jamahiriya,1999,1752
Libyan Arab Jamahiriya,1998,1679
Liechtenstein,2013,980
Liechtenstein,2012,935
Liechtenstein,2011,983
Liechtenstein,2010,965
Liechtenstein,2009,900
Liechtenstein,2008,863
Liechtenstein,2007,885
Liechtenstein,2006,857
Liechtenstein,2005,690
Liechtenstein,2004,676
Liechtenstein,2003,666
Liechtenstein,2002,598
Liechtenstein,2001,559
Liechtenstein,2000,565
Liechtenstein,1999,532
Liechtenstein,1998,530
Lithuania,2013,11898
Lithuania,2012,12073
Lithuania,2011,10314
Lithuania,2010,8740
Lithuania,2009,7783
Lithuania,2008,7106
Lithuania,2007,6744
Lithuania,2006,6551
Lithuania,2005,6786
Lithuania,2004,6457
Lithuania,2003,6584
Lithuania,2002,5633
Lithuania,2001,4929
Lithuania,2000,3870
Lithuania,1999,3254
Lithuania,1998,3318
Luxembourg,2013,8950
Luxembourg,2012,7696
Luxembourg,2011,7287
Luxembourg,2010,7005
Luxembourg,2009,6786
Luxembourg,2008,6262
Luxembourg,2007,7205
Luxembourg,2006,7045
Luxembourg,2005,6669
Luxembourg,2004,6317
Luxembourg,2003,6526
Luxembourg,2002,6139
Luxembourg,2001,5839
Luxembourg,2000,5493
Luxembourg,1999,5430
Luxembourg,1998,5349
Macao Special Administrative Region of China,2013,2103
Macao Special Administrative Region of China,2012,1808
Macao Special Administrative Region of China,2011,1846
Macao Special Administrative Region of China,2010,1759
Macao Special Administrative Region of China,2009,1556
Macao Special Administrative Region of China,2008,1369
Macao Special Administrative Region of China,2007,1217
Macao Special Administrative Region of China,2006,1024
Macao Special Administrative Region of China,2005,982
Macao Special Administrative Region of China,2004,856
Macao Special Administrative Region of China,2003,968
Macao Special Administrative Region of China,2002,917
Macao Special Administrative Region of China,2001,835
Macao Special Administrative Region of China,2000,772
Macao Special Administrative Region of China,1999,784
Macao Special Administrative Region of China,1998,780
Madagascar,2013,4223
Madagascar,2012,4824
Madagascar,2011,4733
Madagascar,2010,4286
Madagascar,2009,4207
Madagascar,2008,4126
Madagascar,2007,4154
Madagascar,2006,4230
Madagascar,2005,4151
Madagascar,2004,3993
Madagascar,2003,4113
Madagascar,2002,3369
Madagascar,2001,2901
Madagascar,2000,2856
Madagascar,1999,2615
Madagascar,1998,2619
Malawi,2013,1921
Malawi,2012,1903
Malawi,2011,2463
Malawi,2010,2189
Malawi,2009,2296
Malawi,2008,2123
Malawi,2007,2008
Malawi,2006,1795
Malawi,2005,1773
Malawi,2004,1686
Malawi,2003,1473
Malawi,2002,1437
Malawi,2001,1272
Malawi,2000,1130
Malawi,1999,1286
Malawi,1998,1113
Malaysia,2013,56260
Malaysia,2012,58485
Malaysia,2011,59855
Malaysia,2010,59539
Malaysia,2009,59892
Malaysia,2008,56285
Malaysia,2007,52654
Malaysia,2006,49000
Malaysia,2005,47395
Malaysia,2004,48294
Malaysia,2003,48877
Malaysia,2002,46459
Malaysia,2001,44254
Malaysia,2000,45301
Malaysia,1999,54255
Malaysia,1998,58946
Maldives,2013,4066
Maldives,2012,3573
Maldives,2011,2013
Maldives,2010,2356
Maldives,2009,2101
Maldives,2008,2166
Maldives,2007,1487
Maldives,2006,1365
Maldives,2005,1364
Maldives,2004,1268
Maldives,2003,1225
Maldives,2002,1217
Maldives,2001,903
Maldives,2000,951
Maldives,1999,402
Maldives,1998,364
Mali,2013,5695
Mali,2012,5308
Mali,2011,5141
Mali,2010,4643
Mali,2009,4059
Mali,2008,3970
Mali,2007,3781
Mali,2006,3507
Mali,2005,3304
Mali,2004,3149
Mali,2003,3214
Mali,2002,2417
Mali,2001,2141
Mali,2000,1680
Mali,1999,1580
Mali,1998,1563
Malta,2013,1938
Malta,2012,1356
Malta,2011,1231
Malta,2010,1222
Malta,2009,1141
Malta,2008,1014
Malta,2007,1026
Malta,2006,964
Malta,2005,803
Malta,2004,724
Malta,2003,639
Malta,2002,677
Malta,2001,642
Malta,2000,634
Malta,1999,594
Malta,1998,541
Marshall Islands,2013,195
Marshall Islands,2012,253
Marshall Islands,2011,209
Marshall Islands,2010,245
Marshall Islands,2009,217
Marshall Islands,2008,241
Marshall Islands,2007,204
Marshall Islands,2006,232
Marshall Islands,2005,239
Marshall Islands,2004,155
Marshall Islands,2003,134
Marshall Islands,2002,125
Marshall Islands,2001,117
Marshall Islands,2000,117
Marshall Islands,1999,117
Mauritania,2013,4308
Mauritania,2012,4015
Mauritania,2011,3914
Mauritania,2010,3593
Mauritania,2009,3226
Mauritania,2008,3042
Mauritania,2007,2887
Mauritania,2006,2697
Mauritania,2005,2384
Mauritania,2004,2458
Mauritania,2003,2234
Mauritania,2002,1984
Mauritania,2001,2012
Mauritania,2000,2019
Mauritania,1999,1918
Mauritania,1998,1920
Mauritius,2013,6041
Mauritius,2012,6422
Mauritius,2011,6829
Mauritius,2010,7218
Mauritius,2009,7754
Mauritius,2008,7587
Mauritius,2007,7512
Mauritius,2006,7621
Mauritius,2005,7286
Mauritius,2004,7249
Mauritius,2003,7219
Mauritius,2002,6771
Mauritius,2001,5401
Mauritius,2000,4455
Mauritius,1999,3444
Mauritius,1998,3360
Mexico,2013,27118
Mexico,2012,26958
Mexico,2011,26302
Mexico,2010,26072
Mexico,2009,26823
Mexico,2008,25608
Mexico,2007,25043
Mexico,2006,23975
Mexico,2005,23048
Mexico,2004,21522
Mexico,2003,21724
Mexico,2002,19880
Mexico,2001,15275
Mexico,2000,14230
Mexico,1999,13486
Mexico,1998,13149
Moldova,2013,17387
Moldova,2012,15608
Moldova,2011,17671
Moldova,2010,15163
Moldova,2009,12788
Moldova,2008,15005
Moldova,2007,10041
Moldova,2006,9499
Moldova,2005,10005
Moldova,2004,9249
Moldova,2003,8612
Moldova,2002,8269
Moldova,2001,7970
Moldova,2000,9167
Moldova,1999,8909
Moldova,1998,8875
Monaco,2013,347
Monaco,2012,600
Monaco,2011,485
Monaco,2010,454
Monaco,2009,408
Monaco,2008,411
Monaco,2007,376
Monaco,2006,392
Monaco,2005,344
Monaco,2004,350
Monaco,2003,394
Monaco,2002,312
Monaco,2001,296
Monaco,2000,261
Monaco,1999,249
Monaco,1998,245
Mongolia,2013,7991
Mongolia,2012,9796
Mongolia,2011,10611
Mongolia,2010,10017
Mongolia,2009,9482
Mongolia,2008,8514
Mongolia,2007,6472
Mongolia,2006,5493
Mongolia,2005,5253
Mongolia,2004,4762
Mongolia,2003,4135
Mongolia,2002,3497
Mongolia,2001,2947
Mongolia,2000,2441
Mongolia,1999,2099
Mongolia,1998,1871
Montenegro,2013,4766
Montenegro,2012,5477
Montenegro,2011,4970
Montenegro,2010,5214
Montenegro,2009,5476
Montenegro,2008,5723
Montenegro,2007,1276
Montenegro,2006,1276
Montenegro,2005,1276
Montenegro,2004,1276
Montserrat,2013,39
Montserrat,2012,43
Montserrat,2011,45
Montserrat,2010,65
Montserrat,2009,54
Montserrat,2008,58
Montserrat,2007,62
Montserrat,2006,52
Montserrat,2005,65
Montserrat,2004,55
Montserrat,2003,24
Montserrat,2002,19
Montserrat,2001,17
Montserrat,2000,17
Montserrat,1999,20
Morocco,2013,38599
Morocco,2012,43494
Morocco,2011,43381
Morocco,2010,42829
Morocco,2009,42247
Morocco,2008,41558
Morocco,2007,40588
Morocco,2006,43729
Morocco,2005,46004
Morocco,2004,49053
Morocco,2003,56303
Morocco,2002,52789
Morocco,2001,45928
Morocco,2000,42743
Morocco,1999,38159
Morocco,1998,38045
Mozambique,2013,1783
Mozambique,2012,1625
Mozambique,2011,2041
Mozambique,2010,2069
Mozambique,2009,2171
Mozambique,2008,1885
Mozambique,2007,2509
Mozambique,2006,2823
Mozambique,2005,2907
Mozambique,2004,2595
Mozambique,2003,2469
Mozambique,2002,2210
Mozambique,2001,2106
Mozambique,2000,1994
Mozambique,1999,1896
Mozambique,1998,1720
Myanmar,2013,6388
Myanmar,2012,6616
Myanmar,2011,7248
Myanmar,2010,6772
Myanmar,2009,6112
Myanmar,2008,4716
Myanmar,2007,3681
Myanmar,2006,3269
Myanmar,2005,3006
Myanmar,2004,3019
Myanmar,2003,2962
Myanmar,2002,2658
Myanmar,2001,1933
Myanmar,2000,1871
Myanmar,1999,1461
Myanmar,1998,1390
Namibia,2013,3494
Namibia,2012,3520
Namibia,2011,7547
Namibia,2010,7556
Namibia,2009,7882
Namibia,2008,8446
Namibia,2007,8688
Namibia,2006,7546
Namibia,2005,6419
Namibia,2004,7727
Namibia,2003,6920
Namibia,2002,5757
Namibia,2001,5930
Namibia,2000,6588
Namibia,1999,4546
Namibia,1998,3444
Nauru,2013,130
Nauru,2012,135
Nauru,2011,156
Nauru,2010,154
Nauru,2009,132
Nauru,2008,124
Nauru,2007,112
Nauru,2006,110
Nauru,2005,95
Nauru,2004,77
Nauru,2003,70
Nauru,2002,70
Nauru,2001,70
Nauru,2000,69
Nauru,1999,72
Nepal,2013,30186
Nepal,2012,29207
Nepal,2011,29393
Nepal,2010,27323
Nepal,2009,24627
Nepal,2008,19525
Nepal,2007,15866
Nepal,2006,11355
Nepal,2005,9355
Nepal,2004,7673
Nepal,2003,7148
Nepal,2002,6326
Nepal,2001,4796
Nepal,2000,4355
Nepal,1999,3875
Nepal,1998,3840
Netherlands,2013,13035
Netherlands,2012,14466
Netherlands,2011,13472
Netherlands,2010,12619
Netherlands,2009,11273
Netherlands,2008,8280
Netherlands,2007,10553
Netherlands,2006,10109
Netherlands,2005,10209
Netherlands,2004,8655
Netherlands,2003,12694
Netherlands,2002,12193
Netherlands,2001,12054
Netherlands,2000,12538
Netherlands,1999,13064
Netherlands,1998,12640
Netherlands Antilles,2010,77
Netherlands Antilles,2009,280
Netherlands Antilles,2008,333
Netherlands Antilles,2007,315
Netherlands Antilles,2006,305
Netherlands Antilles,2005,300
Netherlands Antilles,2004,284
Netherlands Antilles,2003,377
Netherlands Antilles,2002,378
Netherlands Antilles,2001,339
Netherlands Antilles,2000,1276
Netherlands Antilles,1999,355
Netherlands Antilles,1998,397
New Zealand,2013,5370
New Zealand,2012,5362
New Zealand,2011,5227
New Zealand,2010,4759
New Zealand,2009,4572
New Zealand,2008,4171
New Zealand,2007,4161
New Zealand,2006,4148
New Zealand,2005,3818
New Zealand,2004,6533
New Zealand,2003,6926
New Zealand,2002,7406
New Zealand,2001,6577
New Zealand,2000,6066
New Zealand,1999,5822
New Zealand,1998,5626
Nicaragua,2013,2512
Nicaragua,2012,2442
Nicaragua,2011,1679
Nicaragua,2010,2561
Nicaragua,2009,2505
Nicaragua,2008,2355
Nicaragua,2007,2235
Nicaragua,2006,1774
Nicaragua,2005,2075
Nicaragua,2004,1784
Nicaragua,2003,1813
Nicaragua,2002,1692
Nicaragua,2001,1761
Nicaragua,2000,1404
Nicaragua,1999,1330
Nicaragua,1998,1331
Niger,2013,2416
Niger,2012,2288
Niger,2011,2682
Niger,2010,2393
Niger,2009,2146
Niger,2008,2342
Niger,2007,2394
Niger,2006,2369
Niger,2005,1833
Niger,2004,1660
Niger,2003,1513
Niger,2002,1465
Niger,2001,1252
Niger,2000,1329
Niger,1999,1139
Niger,1998,1140
Nigeria,2013,52066
Nigeria,2012,49568
Nigeria,2011,49492
Nigeria,2010,45062
Nigeria,2009,42535
Nigeria,2008,34105
Nigeria,2007,30185
Nigeria,2006,27969
Nigeria,2005,26906
Nigeria,2004,23476
Nigeria,2003,21174
Nigeria,2002,18320
Nigeria,2001,16435
Nigeria,2000,16129
Nigeria,1999,15190
Nigeria,1998,14861
Niue,2013,45
Niue,2012,52
Niue,2011,45
Niue,2010,74
Niue,2009,46
Niue,2008,41
Niue,2007,43
Niue,2006,46
Niue,2005,52
Niue,2004,57
Niue,2003,66
Niue,2002,67
Niue,2001,53
Niue,2000,54
Niue,1999,57
Niue,1998,57
Norway,2013,17853
Norway,2012,23560
Norway,2011,15558
Norway,2010,13883
Norway,2009,12426
Norway,2008,11307
Norway,2007,11965
Norway,2006,12214
Norway,2005,12683
Norway,2004,13673
Norway,2003,15456
Norway,2002,16106
Norway,2001,14692
Norway,2000,13835
Norway,1999,12947
Norway,1998,11608
Occupied Palestinian Territory,2013,20918
Occupied Palestinian Territory,2012,18913
Occupied Palestinian Territory,2011,16621
Occupied Palestinian Territory,2010,15400
Occupied Palestinian Territory,2009,15479
Occupied Palestinian Territory,2008,14096
Occupied Palestinian Territory,2007,13334
Occupied Palestinian Territory,2006,12192
Occupied Palestinian Territory,2005,11800
Occupied Palestinian Territory,2004,11081
Occupied Palestinian Territory,2003,11029
Occupied Palestinian Territory,2002,10582
Occupied Palestinian Territory,2001,10322
Occupied Palestinian Territory,2000,9914
Occupied Palestinian Territory,1999,9769
Occupied Palestinian Territory,1998,9821
Oman,2013,11284
Oman,2012,10125
Oman,2011,9827
Oman,2010,10085
Oman,2009,10155
Oman,2008,10631
Oman,2007,10222
Oman,2006,10542
Oman,2005,10254
Oman,2004,10827
Oman,2003,9899
Oman,2002,9685
Oman,2001,9186
Oman,2000,8806
Oman,1999,8278
Oman,1998,8082
Pakistan,2013,37579
Pakistan,2012,37229
Pakistan,2011,39296
Pakistan,2010,37850
Pakistan,2009,34581
Pakistan,2008,30542
Pakistan,2007,27873
Pakistan,2006,25694
Pakistan,2005,24109
Pakistan,2004,23238
Pakistan,2003,21708
Pakistan,2002,20323
Pakistan,2001,16189
Pakistan,2000,15490
Pakistan,1999,14625
Pakistan,1998,14172
Panama,2013,2609
Panama,2012,2305
Panama,2011,2082
Panama,2010,2575
Panama,2009,2551
Panama,2008,2544
Panama,2007,2177
Panama,2006,2065
Panama,2005,2020
Panama,2004,1847
Panama,2003,2018
Panama,2002,1768
Panama,2001,1728
Panama,2000,1879
Panama,1999,1761
Panama,1998,1744
Papua New Guinea,2013,1318
Papua New Guinea,2012,1071
Papua New Guinea,2011,966
Papua New Guinea,2010,991
Papua New Guinea,2009,1056
Papua New Guinea,2008,941
Papua New Guinea,2007,843
Papua New Guinea,2006,834
Papua New Guinea,2005,892
Papua New Guinea,2004,946
Papua New Guinea,2003,989
Papua New Guinea,2002,1061
Papua New Guinea,2001,931
Papua New Guinea,2000,793
Papua New Guinea,1999,794
Papua New Guinea,1998,799
Paraguay,2013,2927
Paraguay,2012,2837
Paraguay,2011,2881
Paraguay,2010,2798
Paraguay,2009,2664
Paraguay,2008,2593
Paraguay,2007,2421
Paraguay,2006,2059
Paraguay,2005,1873
Paraguay,2004,1612
Paraguay,2003,1666
Paraguay,2002,1477
Paraguay,2001,1275
Paraguay,2000,1095
Paraguay,1999,1012
Paraguay,1998,997
Peru,2013,14204
Peru,2012,15083
Peru,2011,16424
Peru,2010,17282
Peru,2009,15601
Peru,2008,15598
Peru,2007,13374
Peru,2006,11489
Peru,2005,10134
Peru,2004,9790
Peru,2003,9839
Peru,2002,8921
Peru,2001,7417
Peru,2000,7370
Peru,1999,5943
Peru,1998,5876
Philippines,2013,11454
Philippines,2012,11208
Philippines,2011,11672
Philippines,2010,11930
Philippines,2009,10087
Philippines,2008,8895
Philippines,2007,8120
Philippines,2006,7902
Philippines,2005,7625
Philippines,2004,7403
Philippines,2003,7174
Philippines,2002,6464
Philippines,2001,5545
Philippines,2000,5573
Philippines,1999,5087
Philippines,1998,5091
Poland,2013,23044
Poland,2012,21057
Poland,2011,28634
Poland,2010,31211
Poland,2009,32687
Poland,2008,32254
Poland,2007,32582
Poland,2006,30469
Poland,2005,30089
Poland,2004,27679
Poland,2003,26601
Poland,2002,22813
Poland,2001,19739
Poland,2000,17446
Poland,1999,15515
Poland,1998,15417
Portugal,2013,9525
Portugal,2012,12801
Portugal,2011,13471
Portugal,2010,13019
Portugal,2009,12511
Portugal,2008,11540
Portugal,2007,11735
Portugal,2006,10452
Portugal,2005,12320
Portugal,2004,11241
Portugal,2003,12468
Portugal,2002,11652
Portugal,2001,11231
Portugal,2000,10657
Portugal,1999,10959
Portugal,1998,10637
Qatar,2013,5039
Qatar,2012,3585
Qatar,2011,2859
Qatar,2010,2825
Qatar,2009,2431
Qatar,2008,2168
Qatar,2007,2007
Qatar,2006,1809
Qatar,2005,1838
Qatar,2004,1354
Qatar,2003,1327
Qatar,2002,1284
Qatar,2001,1253
Qatar,2000,1205
Qatar,1999,1147
Qatar,1998,1086
Republic of Korea,2013,116942
Republic of Korea,2012,121023
Republic of Korea,2011,127832
Republic of Korea,2010,126822
Republic of Korea,2009,127054
Republic of Korea,2008,117929
Republic of Korea,2007,109872
Republic of Korea,2006,104763
Republic of Korea,2005,100800
Republic of Korea,2004,96937
Republic of Korea,2003,91420
Republic of Korea,2002,85724
Republic of Korea,2001,73587
Republic of Korea,2000,70966
Republic of Korea,1999,68129
Republic of Korea,1998,63400
Romania,2013,31109
Romania,2012,31888
Romania,2011,28534
Romania,2010,25627
Romania,2009,23671
Romania,2008,22682
Romania,2007,22311
Romania,2006,22017
Romania,2005,20315
Romania,2004,20002
Romania,2003,19487
Romania,2002,17510
Romania,2001,15082
Romania,2000,12540
Romania,1999,10139
Romania,1998,10153
Russian Federation,2013,50642
Russian Federation,2012,51267
Russian Federation,2011,51774
Russian Federation,2010,50403
Russian Federation,2009,47786
Russian Federation,2008,44864
Russian Federation,2007,43557
Russian Federation,2006,41779
Russian Federation,2005,39508
Russian Federation,2004,37910
Russian Federation,2003,37226
Russian Federation,2002,35046
Russian Federation,2001,30080
Russian Federation,2000,28634
Russian Federation,1999,26541
Russian Federation,1998,26096
Rwanda,2013,5155
Rwanda,2012,6067
Rwanda,2011,4948
Rwanda,2010,4767
Rwanda,2009,4460
Rwanda,2008,4065
Rwanda,2007,3694
Rwanda,2006,3607
Rwanda,2005,3374
Rwanda,2004,3298
Rwanda,2003,3310
Rwanda,2002,3735
Rwanda,2001,3349
Rwanda,2000,3127
Rwanda,1999,2906
Rwanda,1998,2899
Saint Kitts and Nevis,2013,448
Saint Kitts and Nevis,2012,482
Saint Kitts and Nevis,2011,468
Saint Kitts and Nevis,2010,498
Saint Kitts and Nevis,2009,561
Saint Kitts and Nevis,2008,497
Saint Kitts and Nevis,2007,555
Saint Kitts and Nevis,2006,495
Saint Kitts and Nevis,2005,463
Saint Kitts and Nevis,2004,400
Saint Kitts and Nevis,2003,416
Saint Kitts and Nevis,2002,430
Saint Kitts and Nevis,2001,467
Saint Kitts and Nevis,2000,401
Saint Kitts and Nevis,1999,269
Saint Kitts and Nevis,1998,261
Saint Lucia,2013,1116
Saint Lucia,2012,1145
Saint Lucia,2011,1388
Saint Lucia,2010,1413
Saint Lucia,2009,1251
Saint Lucia,2008,1203
Saint Lucia,2007,1273
Saint Lucia,2006,1079
Saint Lucia,2005,1127
Saint Lucia,2004,1093
Saint Lucia,2003,1222
Saint Lucia,2002,919
Saint Lucia,2001,993
Saint Lucia,2000,996
Saint Lucia,1999,734
Saint Lucia,1998,665
Saint Vincent and the Grenadines,2013,821
Saint Vincent and the Grenadines,2012,815
Saint Vincent and the Grenadines,2011,838
Saint Vincent and the Grenadines,2010,909
Saint Vincent and the Grenadines,2009,874
Saint Vincent and the Grenadines,2008,808
Saint Vincent and the Grenadines,2007,802
Saint Vincent and the Grenadines,2006,679
Saint Vincent and the Grenadines,2005,677
Saint Vincent and the Grenadines,2004,710
Saint Vincent and the Grenadines,2003,638
Saint Vincent and the Grenadines,2002,427
Saint Vincent and the Grenadines,2001,513
Saint Vincent and the Grenadines,2000,586
Saint Vincent and the Grenadines,1999,455
Saint Vincent and the Grenadines,1998,421
Samoa,2013,792
Samoa,2012,771
Samoa,2011,712
Samoa,2010,679
Samoa,2009,721
Samoa,2008,699
Samoa,2007,707
Samoa,2006,786
Samoa,2005,852
Samoa,2004,873
Samoa,2003,927
Samoa,2002,929
Samoa,2001,920
Samoa,2000,983
Samoa,1999,983
Samoa,1998,974
San Marino,2013,3707
San Marino,2012,1253
San Marino,2011,828
San Marino,2010,802
San Marino,2009,792
San Marino,2008,800
San Marino,2007,846
San Marino,2006,766
San Marino,2005,865
San Marino,2004,928
San Marino,2003,779
San Marino,2002,760
San Marino,2001,697
San Marino,2000,709
San Marino,1999,874
San Marino,1998,854
Sao Tome and Principe,2013,542
Sao Tome and Principe,2012,530
Sao Tome and Principe,2011,651
Sao Tome and Principe,2010,584
Sao Tome and Principe,2009,751
Sao Tome and Principe,2008,578
Sao Tome and Principe,2007,963
Sao Tome and Principe,2006,830
Sao Tome and Principe,2005,808
Sao Tome and Principe,2004,729
Sao Tome and Principe,2003,649
Sao Tome and Principe,2002,607
Sao Tome and Principe,2001,570
Sao Tome and Principe,2000,559
Sao Tome and Principe,1999,551
Sao Tome and Principe,1998,559
Saudi Arabia,2013,73548
Saudi Arabia,2012,63833
Saudi Arabia,2011,51679
Saudi Arabia,2010,42651
Saudi Arabia,2009,31366
Saudi Arabia,2008,24828
Saudi Arabia,2007,20123
Saudi Arabia,2006,13765
Saudi Arabia,2005,12398
Saudi Arabia,2004,11704
Saudi Arabia,2003,11380
Saudi Arabia,2002,12162
Saudi Arabia,2001,11092
Saudi Arabia,2000,10626
Saudi Arabia,1999,10266
Saudi Arabia,1998,9941
Senegal,2013,11280
Senegal,2012,12321
Senegal,2011,12442
Senegal,2010,12467
Senegal,2009,12107
Senegal,2008,12378
Senegal,2007,12185
Senegal,2006,12216
Senegal,2005,11639
Senegal,2004,11040
Senegal,2003,10584
Senegal,2002,8704
Senegal,2001,7436
Senegal,2000,6282
Senegal,1999,5634
Senegal,1998,5639
Serbia,2013,11879
Serbia,2012,12773
Serbia,2011,13515
Serbia,2010,12955
Serbia,2009,12794
Serbia,2008,11638
Serbia,2007,12003
Serbia,2006,11264
Serbia,2005,11773
Serbia,2004,11832
Serbia,2003,11987
Serbia,2002,14040
Serbia,2001,13993
Serbia,2000,12235
Serbia,1999,16678
Serbia,1998,12970
Seychelles,2013,472
Seychelles,2012,473
Seychelles,2011,407
Seychelles,2010,431
Seychelles,2009,459
Seychelles,2008,509
Seychelles,2007,507
Seychelles,2006,483
Seychelles,2005,519
Seychelles,2004,472
Seychelles,2003,419
Seychelles,2002,377
Seychelles,2001,350
Seychelles,2000,359
Seychelles,1999,240
Seychelles,1998,216
Sierra Leone,2013,887
Sierra Leone,2012,802
Sierra Leone,2011,875
Sierra Leone,2010,754
Sierra Leone,2009,748
Sierra Leone,2008,828
Sierra Leone,2007,893
Sierra Leone,2006,899
Sierra Leone,2005,1034
Sierra Leone,2004,882
Sierra Leone,2003,894
Sierra Leone,2002,844
Sierra Leone,2001,791
Sierra Leone,2000,918
Sierra Leone,1999,816
Sierra Leone,1998,796
Singapore,2013,22578
Singapore,2012,22037
Singapore,2011,21281
Singapore,2010,20634
Singapore,2009,19967
Singapore,2008,18771
Singapore,2007,18879
Singapore,2006,18908
Singapore,2005,19655
Singapore,2004,21069
Singapore,2003,25344
Singapore,2002,26032
Singapore,2001,22941
Singapore,2000,20856
Singapore,1999,28141
Singapore,1998,25621
Slovakia,2013,33105
Slovakia,2012,33034
Slovakia,2011,32907
Slovakia,2010,30738
Slovakia,2009,28225
Slovakia,2008,26332
Slovakia,2007,24157
Slovakia,2006,22220
Slovakia,2005,18445
Slovakia,2004,15399
Slovakia,2003,13633
Slovakia,2002,11376
Slovakia,2001,9065
Slovakia,2000,5753
Slovakia,1999,4389
Slovakia,1998,4160
Slovenia,2013,2695
Slovenia,2012,2451
Slovenia,2011,2564
Slovenia,2010,2476
Slovenia,2009,2482
Slovenia,2008,2343
Slovenia,2007,2278
Slovenia,2006,2352
Slovenia,2005,2702
Slovenia,2004,2569
Slovenia,2003,7923
Slovenia,2002,2263
Slovenia,2001,2109
Slovenia,2000,5791
Slovenia,1999,1776
Slovenia,1998,1756
Solomon Islands,2013,3211
Solomon Islands,2012,3193
Solomon Islands,2011,3174
Solomon Islands,2010,3148
Solomon Islands,2009,3133
Solomon Islands,2008,3096
Solomon Islands,2007,2597
Solomon Islands,2006,2123
Solomon Islands,2005,1651
Solomon Islands,2004,1188
Solomon Islands,2003,1188
Solomon Islands,2002,1221
Solomon Islands,2001,1250
Solomon Islands,2000,1235
Solomon Islands,1999,1207
Solomon Islands,1998,1205
Somalia,2013,4102
Somalia,2012,3754
Somalia,2011,3373
Somalia,2010,3302
Somalia,2009,2915
Somalia,2008,2638
Somalia,2007,2316
Somalia,2006,2143
Somalia,2005,2028
Somalia,2004,1903
Somalia,2003,2103
Somalia,2002,2344
Somalia,2001,2022
Somalia,2000,2240
Somalia,1999,2226
Somalia,1998,2225
South Africa,2013,6723
South Africa,2012,6470
South Africa,2011,6378
South Africa,2010,6496
South Africa,2009,6566
South Africa,2008,5705
South Africa,2007,6033
South Africa,2006,5901
South Africa,2005,5654
South Africa,2004,5759
South Africa,2003,6334
South Africa,2002,6360
South Africa,2001,5884
South Africa,2000,5571
South Africa,1999,4788
South Africa,1998,4783
Spain,2013,28640
Spain,2012,29881
Spain,2011,26150
Spain,2010,23454
Spain,2009,22002
Spain,2008,21136
Spain,2007,23791
Spain,2006,23357
Spain,2005,24692
Spain,2004,25181
Spain,2003,22783
Spain,2002,27492
Spain,2001,27110
Spain,2000,27586
Spain,1999,26253
Spain,1998,25410
Sri Lanka,2013,16030
Sri Lanka,2012,16276
Sri Lanka,2011,16606
Sri Lanka,2010,16957
Sri Lanka,2009,16593
Sri Lanka,2008,15569
Sri Lanka,2007,13184
Sri Lanka,2006,11161
Sri Lanka,2005,10216
Sri Lanka,2004,9614
Sri Lanka,2003,9967
Sri Lanka,2002,9037
Sri Lanka,2001,7345
Sri Lanka,2000,6779
Sri Lanka,1999,6295
Sri Lanka,1998,6059
Suriname,2013,805
Suriname,2012,858
Suriname,2011,815
Suriname,2010,776
Suriname,2009,649
Suriname,2008,558
Suriname,2007,543
Suriname,2006,587
Suriname,2005,545
Suriname,2004,556
Suriname,2003,1184
Suriname,2002,1062
Suriname,2001,1055
Suriname,2000,1028
Suriname,1999,1079
Suriname,1998,1073
Swaziland,2013,2686
Swaziland,2012,2646
Swaziland,2011,4404
Swaziland,2010,4082
Swaziland,2009,4112
Swaziland,2008,3800
Swaziland,2007,3368
Swaziland,2006,3188
Swaziland,2005,2930
Swaziland,2004,2647
Swaziland,2003,2340
Swaziland,2002,2094
Swaziland,2001,1626
Swaziland,2000,1376
Swaziland,1999,1122
Swaziland,1998,853
Sweden,2013,17685
Sweden,2012,17716
Sweden,2011,16569
Sweden,2010,15540
Sweden,2009,14782
Sweden,2008,13877
Sweden,2007,13831
Sweden,2006,13378
Sweden,2005,13350
Sweden,2004,13146
Sweden,2003,16258
Sweden,2002,15555
Sweden,2001,15432
Sweden,2000,12601
Sweden,1999,13982
Sweden,1998,12819
Switzerland,2013,11868
Switzerland,2012,11835
Switzerland,2011,11797
Switzerland,2010,11374
Switzerland,2009,10968
Switzerland,2008,10266
Switzerland,2007,10501
Switzerland,2006,9987
Switzerland,2005,9607
Switzerland,2004,9852
Switzerland,2003,7956
Switzerland,2002,8679
Switzerland,2001,8513
Switzerland,2000,6966
Switzerland,1999,8734
Switzerland,1998,8474
Syrian Arab Republic,2013,22591
Syrian Arab Republic,2012,18303
Syrian Arab Republic,2011,17267
Syrian Arab Republic,2010,16150
Syrian Arab Republic,2009,18400
Syrian Arab Republic,2008,18474
Syrian Arab Republic,2007,17432
Syrian Arab Republic,2006,16783
Syrian Arab Republic,2005,16841
Syrian Arab Republic,2004,15762
Syrian Arab Republic,2003,14259
Syrian Arab Republic,2002,13814
Syrian Arab Republic,2001,12856
Syrian Arab Republic,2000,12275
Syrian Arab Republic,1999,12028
Syrian Arab Republic,1998,12007
Tajikistan,2013,9749
Tajikistan,2012,8389
Tajikistan,2011,9194
Tajikistan,2010,8342
Tajikistan,2009,6248
Tajikistan,2008,5288
Tajikistan,2007,3207
Tajikistan,2006,2930
Tajikistan,2005,3022
Tajikistan,2004,2433
Tajikistan,2003,2422
Tajikistan,2002,2199
Tajikistan,2001,1559
Tajikistan,2000,1396
Tajikistan,1999,1358
Tajikistan,1998,1292
Thailand,2013,25517
Thailand,2012,26310
Thailand,2011,27130
Thailand,2010,28304
Thailand,2009,27203
Thailand,2008,26390
Thailand,2007,26752
Thailand,2006,25796
Thailand,2005,25618
Thailand,2004,25915
Thailand,2003,25787
Thailand,2002,25767
Thailand,2001,22011
Thailand,2000,21007
Thailand,1999,21967
Thailand,1998,21553
The former Yugoslav Republic of Macedonia,2013,4313
The former Yugoslav Republic of Macedonia,2012,4686
The former Yugoslav Republic of Macedonia,2011,4820
The former Yugoslav Republic of Macedonia,2010,5352
The former Yugoslav Republic of Macedonia,2009,5848
The former Yugoslav Republic of Macedonia,2008,5961
The former Yugoslav Republic of Macedonia,2007,6725
The former Yugoslav Republic of Macedonia,2006,6910
The former Yugoslav Republic of Macedonia,2005,7610
The former Yugoslav Republic of Macedonia,2004,6291
The former Yugoslav Republic of Macedonia,2003,11119
The former Yugoslav Republic of Macedonia,2002,4812
The former Yugoslav Republic of Macedonia,2001,4039
The former Yugoslav Republic of Macedonia,2000,4559
The former Yugoslav Republic of Macedonia,1999,2222
The former Yugoslav Republic of Macedonia,1998,2448
Timor-Leste,2013,3524
Timor-Leste,2012,3362
Timor-Leste,2011,3687
Timor-Leste,2010,3710
Timor-Leste,2009,3384
Timor-Leste,2008,3154
Timor-Leste,2007,2399
Timor-Leste,2006,1210
Timor-Leste,2005,640
Timor-Leste,2004,602
Timor-Leste,2003,672
Timor-Leste,2002,412
Timor-Leste,2001,408
Timor-Leste,2000,404
Timor-Leste,1999,404
Timor-Leste,1998,404
Togo,2013,3345
Togo,2012,3427
Togo,2011,3402
Togo,2010,3295
Togo,2009,3325
Togo,2008,3540
Togo,2007,3512
Togo,2006,3650
Togo,2005,3618
Togo,2004,3308
Togo,2003,3331
Togo,2002,2861
Togo,2001,2561
Togo,2000,2276
Togo,1999,2288
Togo,1998,2288
Tokelau,2013,66
Tokelau,2012,81
Tokelau,2011,63
Tokelau,2010,63
Tokelau,2009,64
Tokelau,2008,65
Tokelau,2007,52
Tokelau,2006,36
Tokelau,2005,21
Tokelau,2004,7
Tokelau,2003,7
Tokelau,2002,7
Tokelau,2001,7
Tokelau,2000,7
Tokelau,1999,7
Tonga,2013,1220
Tonga,2012,1168
Tonga,2011,1208
Tonga,2010,1505
Tonga,2009,1242
Tonga,2008,1246
Tonga,2007,1212
Tonga,2006,1260
Tonga,2005,1159
Tonga,2004,1096
Tonga,2003,1051
Tonga,2002,1181
Tonga,2001,1056
Tonga,2000,1047
Tonga,1999,1028
Tonga,1998,1034
Trinidad and Tobago,2013,4645
Trinidad and Tobago,2012,4928
Trinidad and Tobago,2011,5190
Trinidad and Tobago,2010,5769
Trinidad and Tobago,2009,5562
Trinidad and Tobago,2008,5523
Trinidad and Tobago,2007,5423
Trinidad and Tobago,2006,5271
Trinidad and Tobago,2005,5235
Trinidad and Tobago,2004,5630
Trinidad and Tobago,2003,4925
Trinidad and Tobago,2002,4280
Trinidad and Tobago,2001,4101
Trinidad and Tobago,2000,4082
Trinidad and Tobago,1999,3669
Trinidad and Tobago,1998,3404
Tunisia,2013,16889
Tunisia,2012,18908
Tunisia,2011,19525
Tunisia,2010,19779
Tunisia,2009,18983
Tunisia,2008,18096
Tunisia,2007,17092
Tunisia,2006,16764
Tunisia,2005,15054
Tunisia,2004,14779
Tunisia,2003,14406
Tunisia,2002,12644
Tunisia,2001,11241
Tunisia,2000,10286
Tunisia,1999,9380
Tunisia,1998,9233
Turkey,2013,44964
Turkey,2012,53396
Turkey,2011,53219
Turkey,2010,51885
Turkey,2009,49925
Turkey,2008,44026
Turkey,2007,39301
Turkey,2006,37448
Turkey,2005,55408
Turkey,2004,55519
Turkey,2003,55314
Turkey,2002,55453
Turkey,2001,52079
Turkey,2000,51604
Turkey,1999,51295
Turkey,1998,51067
Turkmenistan,2013,35854
Turkmenistan,2012,28719
Turkmenistan,2011,21780
Turkmenistan,2010,16581
Turkmenistan,2009,9629
Turkmenistan,2008,6888
Turkmenistan,2007,5139
Turkmenistan,2006,5099
Turkmenistan,2005,4891
Turkmenistan,2004,5309
Turkmenistan,2003,5091
Turkmenistan,2002,4405
Turkmenistan,2001,4451
Turkmenistan,2000,4670
Turkmenistan,1999,4785
Turkmenistan,1998,4936
Turks and Caicos Islands,2013,128
Turks and Caicos Islands,2012,176
Turks and Caicos Islands,2011,176
Turks and Caicos Islands,2010,224
Turks and Caicos Islands,2009,241
Turks and Caicos Islands,2008,251
Turks and Caicos Islands,2007,268
Turks and Caicos Islands,2006,248
Turks and Caicos Islands,2005,243
Turks and Caicos Islands,2004,137
Turks and Caicos Islands,2003,116
Turks and Caicos Islands,2002,434
Turks and Caicos Islands,2001,92
Turks and Caicos Islands,2000,86
Turks and Caicos Islands,1999,79
Turks and Caicos Islands,1998,78
Tuvalu,2013,437
Tuvalu,2012,434
Tuvalu,2011,417
Tuvalu,2010,444
Tuvalu,2009,421
Tuvalu,2008,407
Tuvalu,2007,365
Tuvalu,2006,321
Tuvalu,2005,267
Tuvalu,2004,213
Tuvalu,2003,219
Tuvalu,2002,206
Tuvalu,2001,193
Tuvalu,2000,185
Tuvalu,1999,185
Tuvalu,1998,185
Uganda,2013,4696
Uganda,2012,4554
Uganda,2011,4920
Uganda,2010,3756
Uganda,2009,3884
Uganda,2008,3363
Uganda,2007,2927
Uganda,2006,2639
Uganda,2005,2528
Uganda,2004,2522
Uganda,2003,2567
Uganda,2002,2401
Uganda,2001,2295
Uganda,2000,2205
Uganda,1999,2125
Uganda,1998,2063
Ukraine,2013,39670
Ukraine,2012,37553
Ukraine,2011,37430
Ukraine,2010,36203
Ukraine,2009,33824
Ukraine,2008,32570
Ukraine,2007,26787
Ukraine,2006,25817
Ukraine,2005,26698
Ukraine,2004,24921
Ukraine,2003,19147
Ukraine,2002,22222
Ukraine,2001,18416
Ukraine,2000,20891
Ukraine,1999,13285
Ukraine,1998,13064
United Arab Emirates,2013,8530
United Arab Emirates,2012,8452
United Arab Emirates,2011,8396
United Arab Emirates,2010,8047
United Arab Emirates,2009,7096
United Arab Emirates,2008,6561
United Arab Emirates,2007,6153
United Arab Emirates,2006,6375
United Arab Emirates,2005,5567
United Arab Emirates,2004,4724
United Arab Emirates,2003,4491
United Arab Emirates,2002,4442
United Arab Emirates,2001,4475
United Arab Emirates,2000,4136
United Arab Emirates,1999,4123
United Arab Emirates,1998,3913
United Kingdom of Great Britain and Northern Ireland,2013,27377
United Kingdom of Great Britain and Northern Ireland,2012,26354
United Kingdom of Great Britain and Northern Ireland,2011,28658
United Kingdom of Great Britain and Northern Ireland,2010,24600
United Kingdom of Great Britain and Northern Ireland,2009,23577
United Kingdom of Great Britain and Northern Ireland,2008,21675
United Kingdom of Great Britain and Northern Ireland,2007,25178
United Kingdom of Great Britain and Northern Ireland,2006,23226
United Kingdom of Great Britain and Northern Ireland,2005,23053
United Kingdom of Great Britain and Northern Ireland,2004,24004
United Kingdom of Great Britain and Northern Ireland,2003,31887
United Kingdom of Great Britain and Northern Ireland,2002,29598
United Kingdom of Great Britain and Northern Ireland,2001,27922
United Kingdom of Great Britain and Northern Ireland,2000,22328
United Kingdom of Great Britain and Northern Ireland,1999,27752
United Kingdom of Great Britain and Northern Ireland,1998,28142
United Republic of Tanzania,2013,4974
United Republic of Tanzania,2012,5135
United Republic of Tanzania,2011,5762
United Republic of Tanzania,2010,6222
United Republic of Tanzania,2009,6170
United Republic of Tanzania,2008,5377
United Republic of Tanzania,2007,4701
United Republic of Tanzania,2006,4437
United Republic of Tanzania,2005,4285
United Republic of Tanzania,2004,4248
United Republic of Tanzania,2003,4403
United Republic of Tanzania,2002,4145
United Republic of Tanzania,2001,3339
United Republic of Tanzania,2000,2926
United Republic of Tanzania,1999,2683
United Republic of Tanzania,1998,2639
United States of America,2013,60292
United States of America,2012,60297
United States of America,2011,59759
United States of America,2010,57506
United States of America,2009,57017
United States of America,2008,55294
United States of America,2007,57455
United States of America,2006,54419
United States of America,2005,52699
United States of America,2004,50629
United States of America,2003,51429
United States of America,2002,52289
United States of America,2001,47682
United States of America,2000,43482
United States of America,1999,41503
United States of America,1998,38208
Uruguay,2013,2360
Uruguay,2012,2471
Uruguay,2011,2712
Uruguay,2010,2866
Uruguay,2009,2464
Uruguay,2008,2431
Uruguay,2007,2646
Uruguay,2006,2136
Uruguay,2005,2023
Uruguay,2004,1864
Uruguay,2003,1898
Uruguay,2002,1724
Uruguay,2001,1492
Uruguay,2000,1472
Uruguay,1999,1340
Uruguay,1998,1285
Uzbekistan,2013,18783
Uzbekistan,2012,20406
Uzbekistan,2011,23374
Uzbekistan,2010,24250
Uzbekistan,2009,29010
Uzbekistan,2008,31366
Uzbekistan,2007,32048
Uzbekistan,2006,29197
Uzbekistan,2005,23360
Uzbekistan,2004,17288
Uzbekistan,2003,12717
Uzbekistan,2002,12939
Uzbekistan,2001,11196
Uzbekistan,2000,13319
Uzbekistan,1999,13528
Uzbekistan,1998,13464
Vanuatu,2013,1856
Vanuatu,2012,1852
Vanuatu,2011,1797
Vanuatu,2010,1775
Vanuatu,2009,1758
Vanuatu,2008,1724
Vanuatu,2007,1506
Vanuatu,2006,1301
Vanuatu,2005,1117
Vanuatu,2004,840
Vanuatu,2003,841
Vanuatu,2002,818
Vanuatu,2001,790
Vanuatu,2000,773
Vanuatu,1999,770
Vanuatu,1998,773
Venezuela (Bolivarian Republic of),2013,11915
Venezuela (Bolivarian Republic of),2012,12138
Venezuela (Bolivarian Republic of),2011,11809
Venezuela (Bolivarian Republic of),2010,13792
Venezuela (Bolivarian Republic of),2009,12952
Venezuela (Bolivarian Republic of),2008,12543
Venezuela (Bolivarian Republic of),2007,12255
Venezuela (Bolivarian Republic of),2006,9429
Venezuela (Bolivarian Republic of),2005,9740
Venezuela (Bolivarian Republic of),2004,9722
Venezuela (Bolivarian Republic of),2003,10187
Venezuela (Bolivarian Republic of),2002,9766
Venezuela (Bolivarian Republic of),2001,7870
Venezuela (Bolivarian Republic of),2000,8010
Venezuela (Bolivarian Republic of),1999,7608
Venezuela (Bolivarian Republic of),1998,7557
Viet Nam,2013,53546
Viet Nam,2012,53004
Viet Nam,2011,52029
Viet Nam,2010,47268
Viet Nam,2009,43945
Viet Nam,2008,36514
Viet Nam,2007,28012
Viet Nam,2006,23330
Viet Nam,2005,20801
Viet Nam,2004,17030
Viet Nam,2003,14889
Viet Nam,2002,12197
Viet Nam,2001,9847
Viet Nam,2000,9148
Viet Nam,1999,8169
Viet Nam,1998,7858
Yemen,2013,16881
Yemen,2012,14676
Yemen,2011,13446
Yemen,2010,9012
Yemen,2009,11235
Yemen,2008,10299
Yemen,2007,9078
Yemen,2006,9290
Yemen,2005,9171
Yemen,2004,8703
Yemen,2003,7656
Yemen,2002,7487
Yemen,2001,6486
Yemen,2000,6248
Yemen,1999,5859
Yemen,1998,5867
Zambia,2013,3994
Zambia,2012,4235
Zambia,2011,5604
Zambia,2010,5244
Zambia,2009,5241
Zambia,2008,5159
Zambia,2007,4656
Zambia,2006,4174
Zambia,2005,4063
Zambia,2004,3873
Zambia,2003,3920
Zambia,2002,4755
Zambia,2001,4668
Zambia,2000,5117
Zambia,1999,3929
Zambia,1998,2665
Zimbabwe,2013,15885
Zimbabwe,2012,16012
Zimbabwe,2011,28700
Zimbabwe,2010,25236
Zimbabwe,2009,20792
Zimbabwe,2008,24581
Zimbabwe,2007,21347
Zimbabwe,2006,16200
Zimbabwe,2005,15994
Zimbabwe,2004,15464
Zimbabwe,2003,17576
Zimbabwe,2002,15525
Zimbabwe,2001,12232
Zimbabwe,2000,10514
Zimbabwe,1999,8485
Zimbabwe,1998,6802